Time [s],Displacement [m],Force [N]
0.000000,0.0000000000e+00,8.0179873809e-06
0.050000,1.9264202272e-05,1.5053510536e-02
0.100000,4.0983688847e-05,3.3116464762e-02
0.150000,6.0399625136e-05,4.9488487703e-02
0.200000,8.1616542471e-05,6.4161259873e-02
0.250000,9.9602418085e-05,8.1847481016e-02
0.300000,1.1884014329e-04,9.0523448480e-02
0.350000,1.3950633884e-04,1.1280253144e-01
0.400000,1.5707752191e-04,1.3727004045e-01
0.450000,1.7899613866e-04,1.5351481942e-01
0.500000,2.0176297577e-04,1.6143640051e-01
0.550000,2.1941415256e-04,1.7979467023e-01
0.600000,2.3954642315e-04,2.1196036826e-01
0.650000,2.5825887840e-04,2.0831882713e-01
0.700000,2.8200225915e-04,2.4106942862e-01
0.750000,2.9930408186e-04,2.3857853837e-01
0.800000,3.1875689977e-04,2.7179085809e-01
0.850000,3.4102194658e-04,3.0077246834e-01
0.900000,3.6027091494e-04,3.2776725817e-01
0.950000,3.7867465051e-04,3.5693612442e-01
1.000000,3.9995346676e-04,3.9411833156e-01
1.050000,4.1813418978e-04,3.7109340482e-01
1.100000,4.4106856765e-04,3.8368077830e-01
1.150000,4.5883360047e-04,4.3342573073e-01
1.200000,4.8007428054e-04,4.6137289724e-01
1.250000,5.0068930391e-04,4.6296644307e-01
1.300000,5.1979451007e-04,4.6833432773e-01
1.350000,5.4076756915e-04,5.2530902695e-01
1.400000,5.6076344602e-04,5.4288378576e-01
1.450000,5.8144484242e-04,5.6150368089e-01
1.500000,6.0005179763e-04,5.4066413600e-01
1.550000,6.1850081594e-04,5.9298496118e-01
1.600000,6.3868544390e-04,5.4939774325e-01
1.650000,6.5888744309e-04,5.8319415814e-01
1.700000,6.7937749576e-04,6.4056990783e-01
1.750000,7.0062941541e-04,6.5051082018e-01
1.800000,7.2027801085e-04,7.0324247366e-01
1.850000,7.4057973984e-04,6.8775926414e-01
1.900000,7.5856609370e-04,7.7911891503e-01
1.950000,7.7888207168e-04,6.6529130110e-01
2.000000,7.9882145082e-04,7.8222802886e-01
2.050000,8.1935583242e-04,7.9820257565e-01
2.100000,8.4072221633e-04,8.3027879246e-01
2.150000,8.5949859359e-04,8.0899529427e-01
2.200000,8.8066387999e-04,9.3641357911e-01
2.250000,8.9891836996e-04,9.1607157016e-01
2.300000,9.1916606386e-04,1.0357952983e+00
2.350000,9.3942718194e-04,8.9560484319e-01
2.400000,9.6022082602e-04,9.3378432560e-01
2.450000,9.7923530174e-04,1.0239980691e+00
2.500000,1.0000241163e-03,1.0214117559e+00
2.550000,1.0211277744e-03,1.0787941885e+00
2.600000,1.0391524310e-03,1.1086563167e+00
2.650000,1.0594928983e-03,1.0206059593e+00
2.700000,1.0802338713e-03,1.1608528673e+00
2.750000,1.1007828011e-03,1.1117565550e+00
2.800000,1.1207961652e-03,1.1870511994e+00
2.850000,1.1404022862e-03,1.2433962646e+00
2.900000,1.1614241695e-03,1.2636221558e+00
2.950000,1.1804782897e-03,1.3072873948e+00
3.000000,1.2026039041e-03,1.2943761943e+00
3.050000,1.2202082865e-03,1.4214233470e+00
3.100000,1.2402042014e-03,1.4004630963e+00
3.150000,1.2598060713e-03,1.3936579445e+00
3.200000,1.2796597766e-03,1.3487448397e+00
3.250000,1.3013430601e-03,1.4206298019e+00
3.300000,1.3212990483e-03,1.5403509694e+00
3.350000,1.3409293410e-03,1.4460927693e+00
3.400000,1.3591276249e-03,1.5922111078e+00
3.450000,1.3797141046e-03,1.4755783361e+00
3.500000,1.4005403994e-03,1.6151186790e+00
3.550000,1.4202330736e-03,1.4810312730e+00
3.600000,1.4391176581e-03,1.7421341399e+00
3.650000,1.4577049372e-03,1.6953565544e+00
3.700000,1.4787892855e-03,1.6981916233e+00
3.750000,1.5007262078e-03,1.6699415450e+00
3.800000,1.5212321494e-03,1.7318279205e+00
3.850000,1.5401600882e-03,1.8688057364e+00
3.900000,1.5600706903e-03,1.9696765982e+00
3.950000,1.5814077247e-03,1.9905701785e+00
4.000000,1.5999214317e-03,1.8049527505e+00
4.050000,1.6199513608e-03,2.0244804759e+00
4.100000,1.6396811419e-03,1.9306510855e+00
4.150000,1.6610469686e-03,1.9867159066e+00
4.200000,1.6804158310e-03,1.9010301746e+00
4.250000,1.7013576051e-03,2.0411323905e+00
4.300000,1.7202696665e-03,2.1832948568e+00
4.350000,1.7397113926e-03,1.9671265752e+00
4.400000,1.7582901098e-03,2.0031629033e+00
4.450000,1.7803121793e-03,2.1184455376e+00
4.500000,1.8006652042e-03,2.2172745649e+00
4.550000,1.8181774014e-03,2.3911037356e+00
4.600000,1.8400670975e-03,2.3434827887e+00
4.650000,1.8594827731e-03,2.4618221646e+00
4.700000,1.8815274379e-03,2.3766679365e+00
4.750000,1.9013691561e-03,2.4057486717e+00
4.800000,1.9213802359e-03,2.6018202197e+00
4.850000,1.9402367184e-03,2.4303437047e+00
4.900000,1.9594772822e-03,2.2619247365e+00
4.950000,1.9796991335e-03,2.7034567227e+00
5.000000,1.9995621776e-03,2.5421793923e+00
5.500000,2.0002027929e-03,9.2464499357e-01
6.000000,2.0005879901e-03,8.6581324876e-01
6.500000,1.9990052693e-03,9.5640813583e-01
7.000000,1.9992354244e-03,1.0243824708e+00
7.500000,2.0010917543e-03,1.0132194408e+00
8.000000,2.0010745581e-03,9.9897651994e-01
8.500000,2.0021802632e-03,8.9398845471e-01
9.000000,1.9997137942e-03,9.2769856587e-01
9.500000,2.0004576262e-03,9.5651739911e-01
10.000000,2.0003496271e-03,9.3947323545e-01
10.500000,1.9995122408e-03,9.5142510196e-01
11.000000,2.0017766143e-03,9.0593575565e-01
11.500000,2.0004709184e-03,9.6047942802e-01
12.000000,1.9983092874e-03,9.8780438326e-01
12.500000,2.0020484440e-03,1.0230625102e+00
13.000000,1.9993122886e-03,9.7089178393e-01
13.500000,2.0006218828e-03,8.9833110211e-01
14.000000,2.0004754604e-03,9.5457421616e-01
14.500000,2.0023101408e-03,9.6627042975e-01
15.000000,1.9999848195e-03,9.3494692503e-01
15.500000,1.9995428603e-03,9.3890481444e-01
16.000000,1.9997934924e-03,9.8197190308e-01
16.500000,2.0006426756e-03,1.0212032696e+00
17.000000,1.9990895198e-03,1.0539026366e+00
17.500000,2.0010346135e-03,1.0561805398e+00
18.000000,1.9989998033e-03,1.0063630620e+00
18.500000,2.0001306126e-03,1.0322612853e+00
19.000000,2.0000857298e-03,1.0503318276e+00
19.500000,2.0023571571e-03,9.8249878368e-01
20.000000,1.9996746328e-03,1.0031219064e+00
20.500000,2.0005202421e-03,1.0806443235e+00
21.000000,2.0006099857e-03,1.0292707959e+00
21.500000,1.9993292431e-03,9.1166092705e-01
22.000000,1.9987590551e-03,9.4496009622e-01
22.500000,2.0009372157e-03,1.0197198406e+00
23.000000,1.9978482838e-03,1.0220502389e+00
23.500000,1.9990990093e-03,9.8558442855e-01
24.000000,2.0007008870e-03,1.0399413442e+00
24.500000,2.0010206164e-03,9.8669866373e-01
25.000000,1.9998707310e-03,1.0247410023e+00
25.500000,2.0012228133e-03,9.3061636226e-01
26.000000,1.9987595685e-03,8.7283073865e-01
26.500000,2.0003839257e-03,9.3269201968e-01
27.000000,2.0008648370e-03,1.0160657733e+00
27.500000,1.9997599955e-03,9.9709046457e-01
28.000000,2.0004552209e-03,1.0121490973e+00
28.500000,1.9992795843e-03,9.8676100816e-01
29.000000,1.9998345993e-03,9.8978078270e-01
29.500000,2.0017360958e-03,9.2117536605e-01
30.000000,1.9993466883e-03,9.3667448809e-01
30.500000,1.9975765462e-03,1.0486982572e+00
31.000000,2.0000402402e-03,8.4223683734e-01
31.500000,1.9986503930e-03,9.4300808918e-01
32.000000,1.9991218587e-03,1.0354709813e+00
32.500000,1.9994989346e-03,1.0321202930e+00
33.000000,1.9985269578e-03,9.2967764741e-01
33.500000,2.0009180213e-03,9.8407390080e-01
34.000000,1.9986734787e-03,1.0824724639e+00
34.500000,2.0000417512e-03,9.5517615237e-01
35.000000,2.0001327053e-03,1.0555992572e+00
35.500000,2.0002297899e-03,9.1314357454e-01
36.000000,1.9999276455e-03,9.3246271780e-01
36.500000,2.0019686517e-03,1.0117287338e+00
37.000000,1.9989525395e-03,9.2046206521e-01
37.500000,2.0011473161e-03,9.3235912874e-01
38.000000,1.9959926079e-03,9.7390372418e-01
38.500000,2.0000386765e-03,1.0212253752e+00
39.000000,1.9989289873e-03,9.2298452140e-01
39.500000,1.9994882200e-03,1.0190877159e+00
40.000000,1.9997127674e-03,9.8508380365e-01
40.500000,1.9988359711e-03,9.7247099915e-01
41.000000,2.0005060528e-03,9.7509162764e-01
41.500000,1.9990415890e-03,1.0111180527e+00
42.000000,2.0000697705e-03,9.6161295014e-01
42.500000,1.9992753359e-03,9.0508869648e-01
43.000000,1.9988343385e-03,9.0792287808e-01
43.500000,2.0018581735e-03,9.8127386293e-01
44.000000,2.0014904564e-03,1.0262503024e+00
44.500000,2.0015290502e-03,9.3202143281e-01
45.000000,1.9994801723e-03,9.9841142300e-01
45.500000,1.9995185487e-03,9.5282712046e-01
46.000000,2.0004874085e-03,1.0123690469e+00
46.500000,1.9988578303e-03,9.9932567580e-01
47.000000,1.9997946463e-03,9.4176335419e-01
47.500000,1.9990202956e-03,9.5765271911e-01
48.000000,2.0002394083e-03,9.8255658366e-01
48.500000,1.9989440188e-03,9.5127893139e-01
49.000000,2.0002057525e-03,9.3817697936e-01
49.500000,1.9988216327e-03,9.8698454369e-01
50.000000,2.0012501347e-03,9.5978186638e-01
50.500000,2.0009115478e-03,9.0326129679e-01
51.000000,1.9978593958e-03,9.9931739597e-01
51.500000,1.9994709701e-03,1.0409789429e+00
52.000000,1.9993746430e-03,1.0635816241e+00
52.500000,1.9982261583e-03,9.2739219535e-01
53.000000,1.9999362202e-03,9.9126511971e-01
53.500000,1.9998291876e-03,1.0458018997e+00
54.000000,1.9987681527e-03,9.9188152626e-01
54.500000,1.9993020249e-03,9.2947991070e-01
55.000000,1.9990932667e-03,1.0527495446e+00
55.500000,2.0014554169e-03,1.0264904819e+00
56.000000,2.0007313591e-03,9.6614438923e-01
56.500000,2.0007358186e-03,8.8586341113e-01
57.000000,1.9995114455e-03,1.0436174654e+00
57.500000,1.9991476855e-03,9.3857471989e-01
58.000000,2.0006901853e-03,1.1089917111e+00
58.500000,2.0011553298e-03,1.0465849429e+00
59.000000,1.9998772712e-03,1.0145132067e+00
59.500000,2.0010301174e-03,9.8727143281e-01
60.000000,2.0005820186e-03,9.6648753989e-01
60.500000,1.9990249221e-03,9.6717920340e-01
61.000000,1.9994957294e-03,1.0877813047e+00
61.500000,2.0012818840e-03,1.0457526581e+00
62.000000,2.0005789380e-03,1.0545106147e+00
62.500000,2.0002454428e-03,9.7905189123e-01
63.000000,1.9987275926e-03,9.6848780916e-01
63.500000,1.9987817993e-03,1.0669600735e+00
64.000000,1.9989442980e-03,8.5481886492e-01
64.500000,2.0007512486e-03,9.8538063975e-01
65.000000,2.0015989748e-03,9.9173836983e-01
65.500000,1.9996823577e-03,9.7290254545e-01
66.000000,1.9996614875e-03,1.0495955313e+00
66.500000,1.9993662823e-03,9.4927079764e-01
67.000000,1.9977864888e-03,9.9671334020e-01
67.500000,1.9992448457e-03,9.4288998119e-01
68.000000,1.9991390473e-03,9.8584181380e-01
68.500000,1.9998300459e-03,9.9916007336e-01
69.000000,1.9989740707e-03,9.9333354689e-01
69.500000,1.9989585213e-03,1.0169805416e+00
70.000000,1.9986643989e-03,1.0490161525e+00
70.500000,2.0010485764e-03,9.6278092861e-01
71.000000,1.9988755195e-03,9.9675633093e-01
71.500000,1.9989728752e-03,9.4723499768e-01
72.000000,2.0007467800e-03,9.8737747799e-01
72.500000,1.9982855877e-03,1.0492554720e+00
73.000000,2.0014211682e-03,9.8951931438e-01
73.500000,2.0009098830e-03,9.4906679190e-01
74.000000,2.0006267946e-03,1.0074954016e+00
74.500000,2.0000772334e-03,9.4667722207e-01
75.000000,1.9994749970e-03,9.0909514150e-01
75.500000,2.0011871239e-03,1.0120261621e+00
76.000000,1.9999191287e-03,1.0665839803e+00
76.500000,1.9987823005e-03,9.2313439569e-01
77.000000,2.0006001795e-03,9.6620621095e-01
77.500000,2.0002977222e-03,1.0353920525e+00
78.000000,1.9991966825e-03,9.4177992304e-01
78.500000,1.9998770598e-03,9.8779808554e-01
79.000000,1.9999984011e-03,9.5972812961e-01
79.500000,2.0020471333e-03,9.6119727349e-01
80.000000,1.9997887868e-03,1.0516993547e+00
80.500000,2.0003135707e-03,9.2974402517e-01
81.000000,1.9990226840e-03,1.0149307443e+00
81.500000,1.9998168327e-03,9.7516063749e-01
82.000000,1.9997500909e-03,9.7910743731e-01
82.500000,1.9988374343e-03,9.4875776093e-01
83.000000,2.0006041776e-03,9.4061070450e-01
83.500000,1.9988983824e-03,1.1188463623e+00
84.000000,1.9994406951e-03,1.0090522445e+00
84.500000,2.0008552521e-03,1.0415341707e+00
85.000000,1.9984257907e-03,9.0767602419e-01
85.500000,2.0002354537e-03,1.0114457165e+00
86.000000,1.9987317041e-03,9.4288478801e-01
86.500000,2.0007898826e-03,9.2509324287e-01
87.000000,2.0008175289e-03,9.0532920691e-01
87.500000,2.0006420487e-03,8.4864349405e-01
88.000000,1.9999450005e-03,9.5837022626e-01
88.500000,2.0019942037e-03,9.6677544845e-01
89.000000,1.9993686477e-03,1.0318942831e+00
89.500000,2.0009856331e-03,9.9658486292e-01
90.000000,1.9986522830e-03,9.9276634965e-01
90.500000,2.0005939377e-03,9.1300510508e-01
91.000000,2.0008665178e-03,1.0198464701e+00
91.500000,2.0015372587e-03,9.6877238715e-01
92.000000,1.9987869081e-03,9.1075474943e-01
92.500000,2.0017764713e-03,9.8181269363e-01
93.000000,2.0005834745e-03,9.5926049164e-01
93.500000,1.9993919663e-03,9.8412112013e-01
94.000000,2.0016058836e-03,9.5127975228e-01
94.500000,2.0008765123e-03,1.0301333989e+00
95.000000,1.9998919447e-03,9.5015545464e-01
95.500000,2.0002106341e-03,1.0964541673e+00
96.000000,2.0012828500e-03,9.2852649201e-01
96.500000,1.9992159801e-03,9.5160937257e-01
97.000000,1.9997178456e-03,9.8149179623e-01
97.500000,2.0000257372e-03,1.0172287858e+00
98.000000,1.9986056103e-03,1.0096957413e+00
98.500000,2.0011396559e-03,1.0057225219e+00
99.000000,2.0014472505e-03,9.6459631111e-01
99.500000,1.9998604160e-03,9.0411018504e-01
100.000000,1.9994902727e-03,9.9878387248e-01
100.500000,1.9991850126e-03,1.0270836753e+00
101.000000,1.9991617168e-03,9.8040836823e-01
101.500000,2.0011224705e-03,8.9859401295e-01
102.000000,1.9986563857e-03,9.7488482738e-01
102.500000,2.0009263875e-03,1.0029982525e+00
103.000000,2.0009210970e-03,1.0230659336e+00
103.500000,1.9995240264e-03,9.2414928242e-01
104.000000,2.0010424050e-03,9.4131449674e-01
104.500000,1.9994934955e-03,1.0045354981e+00
105.000000,2.0003078024e-03,1.0522565081e+00
105.500000,1.9984388623e-03,9.9738033175e-01
106.000000,2.0001429873e-03,9.1955482017e-01
106.500000,1.9992039985e-03,9.6257098306e-01
107.000000,2.0002940330e-03,9.7179946138e-01
107.500000,2.0012749868e-03,9.1179452119e-01
108.000000,2.0004554350e-03,1.0608470424e+00
108.500000,1.9997369528e-03,1.0237657963e+00
109.000000,1.9998803138e-03,1.0118287686e+00
109.500000,1.9971014226e-03,1.0557120004e+00
110.000000,2.0007093067e-03,1.0039091353e+00
110.500000,2.0005279718e-03,1.0473717750e+00
111.000000,1.9990503470e-03,9.4271549566e-01
111.500000,2.0007938767e-03,1.0142297386e+00
112.000000,1.9996102522e-03,1.0077570048e+00
112.500000,1.9988236114e-03,9.0539100035e-01
113.000000,1.9989200621e-03,9.6007893153e-01
113.500000,1.9985103204e-03,9.9330540517e-01
114.000000,1.9999821307e-03,1.0917695819e+00
114.500000,1.9998881171e-03,9.2762795253e-01
115.000000,1.9977678921e-03,9.9586992188e-01
115.500000,2.0015405587e-03,1.0536036001e+00
116.000000,2.0022510080e-03,9.4316345599e-01
116.500000,2.0012075930e-03,1.0213502831e+00
117.000000,2.0004070058e-03,9.6121136342e-01
117.500000,2.0013626001e-03,1.0575172444e+00
118.000000,2.0005110461e-03,9.5818886034e-01
118.500000,1.9989890727e-03,9.9828086132e-01
119.000000,2.0015066467e-03,9.5140820863e-01
119.500000,2.0006385918e-03,9.7499294694e-01
120.000000,2.0000853320e-03,9.3399358525e-01
120.500000,1.9991783758e-03,1.0606243518e+00
121.000000,2.0003028114e-03,9.8794593927e-01
121.500000,2.0008946032e-03,1.0117002890e+00
122.000000,2.0007071034e-03,1.0137444564e+00
122.500000,1.9998279990e-03,9.5146297944e-01
123.000000,2.0002237405e-03,1.0122341534e+00
123.500000,2.0005701136e-03,1.0418204988e+00
124.000000,2.0007240926e-03,9.4907363554e-01
124.500000,1.9998203973e-03,8.9603969304e-01
125.000000,2.0012377943e-03,1.1091083127e+00
125.500000,1.9986547851e-03,1.0022301221e+00
126.000000,2.0013664658e-03,1.0005657860e+00
126.500000,2.0000209984e-03,9.4252955700e-01
127.000000,2.0000840368e-03,9.2961143293e-01
127.500000,1.9997693661e-03,9.2144375674e-01
128.000000,2.0024397002e-03,9.7893303001e-01
128.500000,2.0008774380e-03,9.8810682423e-01
129.000000,2.0002881533e-03,1.0469010348e+00
129.500000,2.0007017978e-03,9.2083672857e-01
130.000000,1.9994621553e-03,9.9143042856e-01
130.500000,1.9994105965e-03,9.8979657483e-01
131.000000,2.0001462309e-03,9.4353375807e-01
131.500000,1.9995291235e-03,9.7232743673e-01
132.000000,2.0014761918e-03,9.4249280468e-01
132.500000,1.9975274678e-03,9.8163038201e-01
133.000000,1.9993842667e-03,9.5481712756e-01
133.500000,1.9999999140e-03,9.8851126119e-01
134.000000,2.0000553822e-03,9.7018922605e-01
134.500000,1.9988232462e-03,9.6262027544e-01
135.000000,2.0005516987e-03,9.1182724530e-01
135.500000,1.9993996429e-03,9.7901715705e-01
136.000000,2.0009537856e-03,9.2621433751e-01
136.500000,2.0010207342e-03,9.8233741834e-01
137.000000,2.0002496996e-03,1.0155922813e+00
137.500000,1.9994726181e-03,9.4153464943e-01
138.000000,2.0010554003e-03,9.9904617913e-01
138.500000,1.9994970190e-03,9.6950372672e-01
139.000000,1.9987156528e-03,9.9074384810e-01
139.500000,2.0009677540e-03,1.0251513310e+00
140.000000,1.9996430441e-03,1.0279534296e+00
140.500000,1.9994432883e-03,1.0238700535e+00
141.000000,1.9989473056e-03,1.0965551189e+00
141.500000,1.9996231955e-03,9.9418691164e-01
142.000000,2.0001160839e-03,9.6150849284e-01
142.500000,1.9975172952e-03,9.7030723494e-01
143.000000,1.9996672322e-03,9.6587897029e-01
143.500000,2.0012311459e-03,9.7959979133e-01
144.000000,2.0013654942e-03,1.0195720433e+00
144.500000,2.0001705680e-03,1.0248471948e+00
145.000000,1.9992117721e-03,1.0109817418e+00
145.500000,2.0001548404e-03,9.9409411086e-01
146.000000,1.9998447439e-03,9.8246158977e-01
146.500000,2.0006159012e-03,9.7062006404e-01
147.000000,1.9983874530e-03,9.5299038613e-01
147.500000,2.0015874486e-03,9.4610665707e-01
148.000000,2.0001770825e-03,1.0010012127e+00
148.500000,1.9996478149e-03,9.4046518348e-01
149.000000,2.0020637697e-03,9.0277227954e-01
149.500000,1.9999533021e-03,9.7418522497e-01
150.000000,2.0027880672e-03,1.0403085483e+00
150.500000,1.9985741933e-03,9.7125151457e-01
151.000000,2.0012703748e-03,9.5186856492e-01
151.500000,2.0001268436e-03,8.6153476391e-01
152.000000,2.0004683257e-03,1.0213280980e+00
152.500000,1.9998152175e-03,9.4159038804e-01
153.000000,1.9985795127e-03,1.0211391679e+00
153.500000,2.0001822672e-03,9.4263773771e-01
154.000000,2.0003984266e-03,1.0100331011e+00
154.500000,2.0000188401e-03,9.8889029756e-01
155.000000,1.9998352672e-03,1.0146195316e+00
155.500000,2.0004045390e-03,9.5720080680e-01
156.000000,2.0006962435e-03,9.5365880759e-01
156.500000,1.9991547487e-03,9.7894977148e-01
157.000000,2.0013673805e-03,1.0116866085e+00
157.500000,1.9993539157e-03,9.6341403816e-01
158.000000,2.0015944344e-03,8.8218690319e-01
158.500000,1.9986877292e-03,1.0644750404e+00
159.000000,1.9996954846e-03,9.3110128312e-01
159.500000,2.0007322187e-03,8.9533390412e-01
160.000000,1.9993096574e-03,1.0448433142e+00
160.500000,1.9996806284e-03,8.9382240575e-01
161.000000,2.0010491888e-03,1.0411792112e+00
161.500000,2.0000139193e-03,1.0532619891e+00
162.000000,1.9987140086e-03,9.1748992697e-01
162.500000,1.9985677203e-03,1.0078149944e+00
163.000000,1.9992468070e-03,9.8104661394e-01
163.500000,2.0003542703e-03,9.7985569855e-01
164.000000,2.0008801029e-03,1.0396949827e+00
164.500000,2.0019808043e-03,9.5878973507e-01
165.000000,1.9991103666e-03,9.6375171380e-01
165.500000,1.9998377208e-03,1.0444718421e+00
166.000000,2.0009852645e-03,9.9567129481e-01
166.500000,1.9990106592e-03,9.4258166033e-01
167.000000,2.0004729019e-03,9.0499699833e-01
167.500000,2.0006589249e-03,9.9259234294e-01
168.000000,2.0004650699e-03,9.9817813988e-01
168.500000,2.0011656750e-03,1.0630264358e+00
169.000000,1.9996269350e-03,1.0382950607e+00
169.500000,2.0018100594e-03,1.0308988025e+00
170.000000,2.0016684974e-03,1.0907870806e+00
170.500000,1.9996104210e-03,9.3870874035e-01
171.000000,1.9990684450e-03,9.2178645246e-01
171.500000,1.9985712908e-03,1.0171604031e+00
172.000000,2.0007877076e-03,9.8019284252e-01
172.500000,1.9992510771e-03,9.8981392750e-01
173.000000,1.9995164613e-03,9.3484215919e-01
173.500000,1.9997883663e-03,9.8088988047e-01
174.000000,2.0006077181e-03,9.4637055706e-01
174.500000,2.0003771045e-03,1.0092111235e+00
175.000000,1.9998233693e-03,1.0465345523e+00
175.500000,1.9992055897e-03,1.0773622443e+00
176.000000,2.0014554289e-03,1.1135389033e+00
176.500000,1.9991780155e-03,9.3804989850e-01
177.000000,1.9998129859e-03,9.8169430999e-01
177.500000,1.9987037195e-03,1.0607409559e+00
178.000000,1.9997504942e-03,1.0346790907e+00
178.500000,1.9989470705e-03,9.1064748102e-01
179.000000,2.0007806766e-03,1.0173149111e+00
179.500000,1.9990069701e-03,9.7771088332e-01
180.000000,2.0006662415e-03,1.0093458527e+00
180.500000,1.9996974846e-03,9.3083560968e-01
181.000000,2.0001580924e-03,9.1555132275e-01
181.500000,2.0003159749e-03,9.7055097638e-01
182.000000,2.0008272852e-03,1.0271722492e+00
182.500000,1.9966475167e-03,1.0346720478e+00
183.000000,1.9997443186e-03,1.0010946991e+00
183.500000,1.9997946780e-03,1.0001949265e+00
184.000000,2.0002681941e-03,9.5575552000e-01
184.500000,1.9985683297e-03,8.7292595595e-01
185.000000,1.9996111265e-03,9.5634857817e-01
185.500000,1.9978620541e-03,1.0388557393e+00
186.000000,1.9998344826e-03,9.0918000776e-01
186.500000,1.9977287531e-03,9.6028579767e-01
187.000000,2.0008820008e-03,9.7326666614e-01
187.500000,2.0001813838e-03,9.5328823880e-01
188.000000,2.0023025259e-03,1.0624757067e+00
188.500000,2.0002312034e-03,1.0153654371e+00
189.000000,2.0004080627e-03,9.9878766260e-01
189.500000,1.9988289077e-03,1.0855855592e+00
190.000000,1.9994954320e-03,1.0037397482e+00
190.500000,2.0004823579e-03,9.3892073105e-01
191.000000,2.0011428789e-03,9.8727228480e-01
191.500000,1.9999882749e-03,9.7707848844e-01
192.000000,1.9994112482e-03,9.4365549566e-01
192.500000,1.9989288228e-03,9.8325069535e-01
193.000000,2.0002558978e-03,9.8293750477e-01
193.500000,2.0001884099e-03,1.0080136900e+00
194.000000,2.0018219918e-03,9.1137125019e-01
194.500000,1.9983520692e-03,1.0336632590e+00
195.000000,2.0001401590e-03,9.4643747883e-01
195.500000,1.9997442069e-03,9.6512200200e-01
196.000000,2.0005583210e-03,1.0010695661e+00
196.500000,2.0007362128e-03,9.7129530245e-01
197.000000,1.9998696266e-03,9.0058006541e-01
197.500000,2.0001844108e-03,9.3742550867e-01
198.000000,2.0001429584e-03,1.0553691600e+00
198.500000,2.0011571204e-03,1.0759710019e+00
199.000000,1.9982330627e-03,9.5999968040e-01
199.500000,1.9990024553e-03,1.0382556219e+00
200.000000,1.9992772958e-03,1.0885242534e+00
200.500000,1.9996686342e-03,1.0420145462e+00
201.000000,2.0011605001e-03,9.1858352316e-01
201.500000,1.9994277190e-03,9.6264693508e-01
202.000000,1.9999212385e-03,9.9474100307e-01
202.500000,1.9997248797e-03,9.6066814622e-01
203.000000,1.9996318031e-03,8.8754558126e-01
203.500000,2.0000900595e-03,1.0007884736e+00
204.000000,2.0001615538e-03,9.9856491419e-01
204.500000,1.9986753685e-03,1.0149885292e+00
205.000000,1.9994084268e-03,9.0424867984e-01
205.500000,2.0010373633e-03,9.2285467170e-01
206.000000,2.0002329918e-03,9.8165148125e-01
206.500000,2.0012291957e-03,1.1032319948e+00
207.000000,1.9999589941e-03,1.0536360640e+00
207.500000,2.0004110097e-03,9.4818754602e-01
208.000000,1.9991391859e-03,1.0330932399e+00
208.500000,1.9998366933e-03,9.8355562518e-01
209.000000,1.9972757501e-03,9.0963620049e-01
209.500000,2.0003175964e-03,9.5340946770e-01
210.000000,2.0010834598e-03,9.7002361753e-01
210.500000,1.9999389215e-03,9.8599285785e-01
211.000000,2.0000837465e-03,9.1601797901e-01
211.500000,2.0000787843e-03,9.8688601893e-01
212.000000,1.9986295966e-03,1.0349357438e+00
212.500000,1.9972219224e-03,1.0182390491e+00
213.000000,2.0008033893e-03,8.7880485754e-01
213.500000,2.0013180089e-03,9.5387399979e-01
214.000000,2.0007135231e-03,1.0786094573e+00
214.500000,2.0000918604e-03,9.5149996981e-01
215.000000,1.9987353270e-03,9.8976415905e-01
215.500000,2.0002342784e-03,9.9956754142e-01
216.000000,1.9997140651e-03,9.8104654936e-01
216.500000,1.9996316179e-03,9.1576507807e-01
217.000000,2.0010771665e-03,8.3756553528e-01
217.500000,2.0002377501e-03,1.0222804520e+00
218.000000,2.0000004429e-03,9.5133237418e-01
218.500000,1.9998211253e-03,1.0049783952e+00
219.000000,1.9992503251e-03,9.8756364109e-01
219.500000,2.0007797129e-03,1.0024593468e+00
220.000000,1.9990937409e-03,1.0815532021e+00
220.500000,1.9985769549e-03,1.0042623125e+00
221.000000,1.9985290659e-03,1.0245661944e+00
221.500000,1.9997810522e-03,1.0042363119e+00
222.000000,2.0008813947e-03,9.4665083759e-01
222.500000,1.9995128763e-03,9.7094910608e-01
223.000000,2.0022544508e-03,9.2906038459e-01
223.500000,2.0003069550e-03,1.0039521565e+00
224.000000,1.9999042550e-03,1.0422915223e+00
224.500000,2.0023165302e-03,9.2832866789e-01
225.000000,2.0008251826e-03,8.9976131404e-01
225.500000,1.9994509134e-03,9.4720831989e-01
226.000000,1.9992835602e-03,8.8278025272e-01
226.500000,1.9980638528e-03,1.0306550225e+00
227.000000,1.9996290666e-03,9.3951362869e-01
227.500000,1.9979823999e-03,9.4740324468e-01
228.000000,1.9998184275e-03,1.0865303634e+00
228.500000,2.0009230887e-03,9.6046782810e-01
229.000000,2.0003436494e-03,1.1141699337e+00
229.500000,1.9992982160e-03,1.0529742778e+00
230.000000,1.9996348484e-03,9.7853811809e-01
230.500000,2.0003103653e-03,1.0137960431e+00
231.000000,2.0003787646e-03,9.4813316082e-01
231.500000,1.9987174706e-03,8.8367473900e-01
232.000000,1.9991534624e-03,1.0300853078e+00
232.500000,1.9993903174e-03,9.0105957857e-01
233.000000,2.0005449461e-03,1.0883074013e+00
233.500000,1.9997688240e-03,9.5879207030e-01
234.000000,2.0003914883e-03,9.4356409176e-01
234.500000,2.0012479399e-03,9.7432880291e-01
235.000000,1.9987372943e-03,1.0198375770e+00
235.500000,2.0020518413e-03,9.5876352685e-01
236.000000,1.9994928244e-03,9.7800482564e-01
236.500000,1.9991397707e-03,9.6723647012e-01
237.000000,1.9986568071e-03,9.6048222109e-01
237.500000,1.9984037540e-03,9.9887201752e-01
238.000000,2.0003817238e-03,9.5637508962e-01
238.500000,2.0003440332e-03,9.7648364571e-01
239.000000,1.9989787630e-03,8.8012731549e-01
239.500000,2.0012566784e-03,9.7066270310e-01
240.000000,1.9992935575e-03,9.4213199889e-01
240.500000,2.0000647816e-03,9.5527168363e-01
241.000000,2.0010228324e-03,9.7867852619e-01
241.500000,1.9994988865e-03,9.8915172806e-01
242.000000,2.0002218017e-03,1.0028801777e+00
242.500000,1.9987281793e-03,9.0519956697e-01
243.000000,2.0003561735e-03,1.0143658387e+00
243.500000,1.9989877214e-03,9.4984506203e-01
244.000000,1.9993124392e-03,9.8666632646e-01
244.500000,1.9992598878e-03,9.6712921196e-01
245.000000,1.9986977110e-03,1.0393066078e+00
245.500000,2.0007883251e-03,1.0036904934e+00
246.000000,1.9994844138e-03,1.0068695370e+00
246.500000,2.0003984281e-03,9.6846923279e-01
247.000000,1.9995126301e-03,1.0090965938e+00
247.500000,1.9995923813e-03,9.4761991723e-01
248.000000,1.9999706706e-03,9.3546990786e-01
248.500000,1.9987139945e-03,9.9357476763e-01
249.000000,1.9995967746e-03,1.0484528985e+00
249.500000,2.0015845190e-03,9.8245958945e-01
250.000000,1.9995005909e-03,9.6523696510e-01
250.500000,1.9995000552e-03,9.5128575555e-01
251.000000,1.9993818362e-03,1.0168217069e+00
251.500000,1.9993167182e-03,1.0127083255e+00
252.000000,1.9994962043e-03,9.9254953747e-01
252.500000,1.9998988420e-03,9.6551640727e-01
253.000000,1.9988064431e-03,9.3334993777e-01
253.500000,2.0003068442e-03,9.9088705701e-01
254.000000,2.0014557530e-03,9.2467962172e-01
254.500000,1.9992345131e-03,1.0079020740e+00
255.000000,1.9996146196e-03,9.8109687864e-01
255.500000,2.0003233616e-03,9.9824907449e-01
256.000000,2.0007902708e-03,9.1864706032e-01
256.500000,2.0008354877e-03,9.4095393460e-01
257.000000,2.0009984752e-03,1.0020247802e+00
257.500000,1.9997236981e-03,9.6926410836e-01
258.000000,1.9996346013e-03,1.0528681866e+00
258.500000,1.9989256831e-03,9.6539391091e-01
259.000000,2.0015044927e-03,9.7018085561e-01
259.500000,1.9993819015e-03,9.7266207634e-01
260.000000,2.0009830902e-03,9.5945085215e-01
260.500000,2.0013736454e-03,9.7466102347e-01
261.000000,1.9992028716e-03,9.8439723251e-01
261.500000,1.9999306351e-03,9.6337137910e-01
262.000000,2.0013278017e-03,9.7558908515e-01
262.500000,1.9993075201e-03,9.0139875979e-01
263.000000,2.0001957230e-03,1.0430935077e+00
263.500000,2.0019233419e-03,1.0056509712e+00
264.000000,1.9998779484e-03,1.0355138823e+00
264.500000,1.9987714270e-03,9.6500416095e-01
265.000000,1.9999207174e-03,9.9881561333e-01
265.500000,2.0009142013e-03,9.5194742759e-01
266.000000,2.0000639399e-03,9.2350447150e-01
266.500000,1.9989106346e-03,9.8263795839e-01
267.000000,2.0007644141e-03,9.9855509275e-01
267.500000,2.0001097633e-03,9.8663406983e-01
268.000000,2.0018159154e-03,9.2451855814e-01
268.500000,2.0013674489e-03,9.7461497078e-01
269.000000,2.0009937061e-03,9.6214358548e-01
269.500000,2.0008846386e-03,1.1325993570e+00
270.000000,2.0011037756e-03,9.4194399939e-01
270.500000,2.0018181885e-03,1.0125109280e+00
271.000000,2.0002346038e-03,1.0178954790e+00
271.500000,2.0011214826e-03,9.1362208617e-01
272.000000,2.0006920995e-03,9.6277199982e-01
272.500000,2.0014321072e-03,9.7652431200e-01
273.000000,1.9994734761e-03,8.7602629718e-01
273.500000,1.9984911361e-03,9.5620759044e-01
274.000000,2.0009149690e-03,9.9547780251e-01
274.500000,1.9992557829e-03,9.5391532874e-01
275.000000,1.9996567775e-03,9.5098189845e-01
275.500000,2.0004710762e-03,1.0187450290e+00
276.000000,1.9984516007e-03,9.8537275919e-01
276.500000,2.0000019421e-03,1.0365238040e+00
277.000000,2.0002336419e-03,9.9478966562e-01
277.500000,2.0007058894e-03,1.0056786125e+00
278.000000,2.0000669621e-03,1.0098684087e+00
278.500000,2.0011186074e-03,9.5723261569e-01
279.000000,1.9988013819e-03,1.0098590444e+00
279.500000,2.0014279251e-03,1.0230062919e+00
280.000000,1.9984775966e-03,9.7652650752e-01
280.500000,2.0001333011e-03,9.5716829109e-01
281.000000,2.0016796810e-03,1.0046060033e+00
281.500000,2.0006774292e-03,9.8585171306e-01
282.000000,2.0000430143e-03,9.9010425602e-01
282.500000,1.9999141928e-03,1.0413763446e+00
283.000000,2.0013426881e-03,9.9977642160e-01
283.500000,2.0007692412e-03,9.5320021042e-01
284.000000,1.9992857576e-03,9.8095432987e-01
284.500000,2.0006521866e-03,9.4584323513e-01
285.000000,1.9996041220e-03,9.7432182429e-01
285.500000,2.0003254798e-03,1.0158525748e+00
286.000000,2.0001463858e-03,1.0353119056e+00
286.500000,2.0004897922e-03,9.1910754309e-01
287.000000,1.9989043762e-03,9.8975911971e-01
287.500000,1.9990888145e-03,1.0045173421e+00
288.000000,2.0001948260e-03,1.0126122040e+00
288.500000,2.0000424126e-03,9.2334676840e-01
289.000000,2.0005183637e-03,9.5507074551e-01
289.500000,1.9997915806e-03,9.8085782440e-01
290.000000,2.0007987090e-03,9.5332406237e-01
290.500000,2.0005814128e-03,9.4887586251e-01
291.000000,2.0010477809e-03,9.4826781241e-01
291.500000,1.9991651255e-03,1.0106086306e+00
292.000000,2.0005463178e-03,9.9894548152e-01
292.500000,2.0002611552e-03,9.8897539866e-01
293.000000,2.0000157343e-03,1.0021765141e+00
293.500000,2.0002979301e-03,9.8702870156e-01
294.000000,2.0002815463e-03,1.0549189915e+00
294.500000,1.9992740549e-03,8.8577220106e-01
295.000000,1.9996077891e-03,9.1684706054e-01
295.500000,1.9993133363e-03,9.4718014705e-01
296.000000,1.9996443171e-03,8.9165422910e-01
296.500000,1.9980984071e-03,1.0536658097e+00
297.000000,2.0012056453e-03,1.0154145576e+00
297.500000,2.0019957523e-03,9.7593840244e-01
298.000000,1.9983288934e-03,1.0261079782e+00
298.500000,2.0000085061e-03,1.0225150179e+00
299.000000,2.0014324753e-03,9.7770754864e-01
299.500000,1.9985868895e-03,9.2221581205e-01
300.000000,1.9975063348e-03,1.0474604786e+00
